SampleID,SampleType,SampleSource,Host_SampleName,CollectionDate,Latitude,Longitude,Elevation,DNAExtractionProtocol,ExtractorName,SampleDescription,Project_Name,Set_ID,FireTreatment,BurnYear,Year_,Month_,Day_,ObjectID_1,InOrOut,Lat,Lon,BurnDate,ELEVATION_AVG,SLOPE_AVG,SLOPE_MAX,ASPECT_DOM,CANOPY_2001,POP_DEN_2000,POP_2000,SOIL_DOM,GEOLOGY_DOM,PRECIP_1,PRECIP_2,PRECIP_3,PRECIP_4,PRECIP_5,PRECIP_6,PRECIP_7,PRECIP_8,PRECIP_9,PRECIP_10,PRECIP_11,PRECIP_12,TMEAN_1,TMEAN_2,TMEAN_3,TMEAN_4,TMEAN_5,TMEAN_6,TMEAN_7,TMEAN_8,TMEAN_9,TMEAN_10,TMEAN_11,TMEAN_12,TMIN_1,TMIN_2,TMIN_3,TMIN_4,TMIN_5,TMIN_6,TMIN_7,TMIN_8,TMIN_9,TMIN_10,TMIN_11,TMIN_12,TMAX_1,TMAX_2,TMAX_3,TMAX_4,TMAX_5,TMAX_6,TMAX_7,TMAX_8,TMAX_9,TMAX_10,TMAX_11,TMAX_12,ANNUAL_MEAN_TEMP,ANNUAL_PRECIP,ISOTHERMALITY,MAX_TEMP_WARMEST_MONTH,MEAN_DIURNAL_RANGE,MEAN_TEMP_COLDEST_QUARTER,MEAN_TEMP_DRIEST_QUARTER,MEAN_TEMP_WARMEST_QUARTER,MEAN_TEMP_WETTEST_QUARTER,MIN_TEMP_COLDEST_MONTH,PRECIP_COLDEST_QUARTER,PRECIP_DRIEST_MONTH,PRECIP_DRIEST_QUARTER,PRECIP_SEASONALITY,PRECIP_WARMEST_QUARTER,PRECIP_WETTEST_MONTH,PRECIP_WETTEST_QUARTER,TEMP_ANNUAL_RANGE,TEMP_SEASONALITY,Soil_Description,to_keep,ID
FS-1E,Environmental,Soil,Burn_2015,2018-06-30,38.5261,-111.77282,2965,Zymo Soil Kit,Spencer McGee,Forest_Fire_Recovery_FS_1E,Forest_Fire_Recovery,Set_1,Burn,2015,2015,4,14,1603,in,38.52798,-111.771563,2015-04-14,300989,9.71395587921143,12.5999441146851,4,20.09,0,0,674564,82,44,43,55,37,38,26,50,60,44,39,42,46,-7.9,-7.2,-5.2,-0.9,4,9.2,13.2,12,8,3.1,-3.3,-7.1,-15.2,-14.2,-11.7,-7.7,-3.5,0.7,4.9,4.1,0,-4.4,-10,-14.2,-0.5,-0.1,1.4,6,11.6,17.7,21.5,20,16.1,10.7,3.5,0,-7.9,524,40,-7.2,149,-5.2,-0.9,4,9.2,13.2,133,26,101,19,136,60,154,12,8,Travessilla-Rock outcrop-Midfork family (s7972),yes,1603_in
FS-1W,Environmental,Soil,Burn_2015,2018-06-30,38.5261,-111.77282,2965,Zymo Soil Kit,Spencer McGee,Forest_Fire_Recovery_FS_1W,Forest_Fire_Recovery,Set_1,Burn,2015,2015,4,14,1603,in,38.52798,-111.771563,2015-04-14,300989,9.71395587921143,12.5999441146851,4,20.09,0,0,674564,82,44,43,55,37,38,26,50,60,44,39,42,46,-7.9,-7.2,-5.2,-0.9,4,9.2,13.2,12,8,3.1,-3.3,-7.1,-15.2,-14.2,-11.7,-7.7,-3.5,0.7,4.9,4.1,0,-4.4,-10,-14.2,-0.5,-0.1,1.4,6,11.6,17.7,21.5,20,16.1,10.7,3.5,0,-7.9,524,40,-7.2,149,-5.2,-0.9,4,9.2,13.2,133,26,101,19,136,60,154,12,8,Travessilla-Rock outcrop-Midfork family (s7972),yes,1603_in
FS-1N,Environmental,Soil,Burn_2015,2018-06-30,38.5261,-111.77282,2965,Zymo Soil Kit,Spencer McGee,Forest_Fire_Recovery_FS_1N,Forest_Fire_Recovery,Set_1,Burn,2015,2015,4,14,1603,in,38.52798,-111.771563,2015-04-14,300989,9.71395587921143,12.5999441146851,4,20.09,0,0,674564,82,44,43,55,37,38,26,50,60,44,39,42,46,-7.9,-7.2,-5.2,-0.9,4,9.2,13.2,12,8,3.1,-3.3,-7.1,-15.2,-14.2,-11.7,-7.7,-3.5,0.7,4.9,4.1,0,-4.4,-10,-14.2,-0.5,-0.1,1.4,6,11.6,17.7,21.5,20,16.1,10.7,3.5,0,-7.9,524,40,-7.2,149,-5.2,-0.9,4,9.2,13.2,133,26,101,19,136,60,154,12,8,Travessilla-Rock outcrop-Midfork family (s7972),yes,1603_in
FS-2E,Environmental,Soil,NonBurn_2015,2018-06-30,38.52704,-111.77353,2969,Zymo Soil Kit,Spencer McGee,Forest_Fire_Recovery_FS_2E,Forest_Fire_Recovery,Set_1,NonBurn,2015,2015,4,14,1603,out,38.528712,-111.773421,2015-04-14,300033,9.1717472076416,11.0654640197754,3,18.74,0,0,674564,82,44,43,55,37,38,26,50,60,44,39,42,46,-7.9,-7.2,-5.2,-0.9,4,9.2,13.2,12,8,3.1,-3.3,-7.1,-15.2,-14.2,-11.7,-7.7,-3.5,0.7,4.9,4.1,0,-4.4,-10,-14.2,-0.5,-0.1,1.4,6,11.6,17.7,21.5,20,16.1,10.7,3.5,0,-7.9,524,40,-7.2,149,-5.2,-0.9,4,9.2,13.2,133,26,101,19,136,60,154,12,8,Travessilla-Rock outcrop-Midfork family (s7972),yes,1603_out
FS-2W,Environmental,Soil,NonBurn_2015,2018-06-30,38.52704,-111.77353,2969,Zymo Soil Kit,Spencer McGee,Forest_Fire_Recovery_FS_2W,Forest_Fire_Recovery,Set_1,NonBurn,2015,2015,4,14,1603,out,38.528712,-111.773421,2015-04-14,300033,9.1717472076416,11.0654640197754,3,18.74,0,0,674564,82,44,43,55,37,38,26,50,60,44,39,42,46,-7.9,-7.2,-5.2,-0.9,4,9.2,13.2,12,8,3.1,-3.3,-7.1,-15.2,-14.2,-11.7,-7.7,-3.5,0.7,4.9,4.1,0,-4.4,-10,-14.2,-0.5,-0.1,1.4,6,11.6,17.7,21.5,20,16.1,10.7,3.5,0,-7.9,524,40,-7.2,149,-5.2,-0.9,4,9.2,13.2,133,26,101,19,136,60,154,12,8,Travessilla-Rock outcrop-Midfork family (s7972),yes,1603_out
FS-2N,Environmental,Soil,NonBurn_2015,2018-06-30,38.52704,-111.77353,2969,Zymo Soil Kit,Spencer McGee,Forest_Fire_Recovery_FS_2N,Forest_Fire_Recovery,Set_1,NonBurn,2015,2015,4,14,1603,out,38.528712,-111.773421,2015-04-14,300033,9.1717472076416,11.0654640197754,3,18.74,0,0,674564,82,44,43,55,37,38,26,50,60,44,39,42,46,-7.9,-7.2,-5.2,-0.9,4,9.2,13.2,12,8,3.1,-3.3,-7.1,-15.2,-14.2,-11.7,-7.7,-3.5,0.7,4.9,4.1,0,-4.4,-10,-14.2,-0.5,-0.1,1.4,6,11.6,17.7,21.5,20,16.1,10.7,3.5,0,-7.9,524,40,-7.2,149,-5.2,-0.9,4,9.2,13.2,133,26,101,19,136,60,154,12,8,Travessilla-Rock outcrop-Midfork family (s7972),yes,1603_out
FS-32E,Environmental,Soil,NonBurn_2007,2018-11-03,39.9417,-111.78191,1706,Zymo Soil Kit,Spencer McGee,Forest_Fire_Recovery_FS_32E,Forest_Fire_Recovery,Set_2,NonBurn,2007,2007,6,17,254,out,39.942171,-111.781958,2007-06-17,171858,15.9308586120605,24.4690551757813,4,34.41,0,0,674693,-109,41,41,51,46,42,25,24,30,35,43,44,44,-4,-1.3,2.6,7.1,12.1,17.4,21.7,20.6,15.4,9.2,2.5,-3.1,-10,-7.5,-4,-0.3,3.9,8.3,12.5,11.5,6.4,1,-3.9,-8.8,2,5,9.3,14.5,20.3,26.5,31,29.8,24.4,17.5,9,2.6,-4,474,37,-1.3,152,2.6,7.1,12.1,17.4,21.7,129,25,82,20,82,52,140,20.6,15.4,Yeates Hollow-St marys-Moweba-Hoskin-Holmes (s7833),yes,254_out
FS-32W,Environmental,Soil,NonBurn_2007,2018-11-03,39.9417,-111.78191,1706,Zymo Soil Kit,Spencer McGee,Forest_Fire_Recovery_FS_32W,Forest_Fire_Recovery,Set_2,NonBurn,2007,2007,6,17,254,out,39.942171,-111.781958,2007-06-17,171858,15.9308586120605,24.4690551757813,4,34.41,0,0,674693,-109,41,41,51,46,42,25,24,30,35,43,44,44,-4,-1.3,2.6,7.1,12.1,17.4,21.7,20.6,15.4,9.2,2.5,-3.1,-10,-7.5,-4,-0.3,3.9,8.3,12.5,11.5,6.4,1,-3.9,-8.8,2,5,9.3,14.5,20.3,26.5,31,29.8,24.4,17.5,9,2.6,-4,474,37,-1.3,152,2.6,7.1,12.1,17.4,21.7,129,25,82,20,82,52,140,20.6,15.4,Yeates Hollow-St marys-Moweba-Hoskin-Holmes (s7833),yes,254_out
FS-32N,Environmental,Soil,NonBurn_2007,2018-11-03,39.9417,-111.78191,1706,Zymo Soil Kit,Spencer McGee,Forest_Fire_Recovery_FS_32N,Forest_Fire_Recovery,Set_2,NonBurn,2007,2007,6,17,254,out,39.942171,-111.781958,2007-06-17,171858,15.9308586120605,24.4690551757813,4,34.41,0,0,674693,-109,41,41,51,46,42,25,24,30,35,43,44,44,-4,-1.3,2.6,7.1,12.1,17.4,21.7,20.6,15.4,9.2,2.5,-3.1,-10,-7.5,-4,-0.3,3.9,8.3,12.5,11.5,6.4,1,-3.9,-8.8,2,5,9.3,14.5,20.3,26.5,31,29.8,24.4,17.5,9,2.6,-4,474,37,-1.3,152,2.6,7.1,12.1,17.4,21.7,129,25,82,20,82,52,140,20.6,15.4,Yeates Hollow-St marys-Moweba-Hoskin-Holmes (s7833),yes,254_out
FS-31W,Environmental,Soil,Burn_2007,2018-11-03,39.94178,-111.78222,1700,Zymo Soil Kit,Spencer McGee,Forest_Fire_Recovery_FS_31W,Forest_Fire_Recovery,Set_2,Burn,2007,2007,6,17,254,in,39.941676,-111.781982,2007-06-17,172144,15.3618421554565,24.4690551757813,4,32.03,0,0,674693,-109,42,42,52,46,42,26,25,31,35,43,45,45,-4.2,-1.5,2.4,6.9,11.8,17.1,21.4,20.3,15.2,9.1,2.3,-3.3,-10.2,-7.7,-4.2,-0.5,3.6,8,12.2,11.2,6.2,0.9,-4.1,-9,1.9,4.8,9,14.2,20,26.2,30.7,29.5,24.2,17.3,8.8,2.5,-4.2,474,37,-1.5,152,2.4,6.9,11.8,17.1,21.4,129,25,82,20,82,52,140,20.3,15.2,Yeates Hollow-St marys-Moweba-Hoskin-Holmes (s7833),yes,254_in
FS-31N,Environmental,Soil,Burn_2007,2018-11-03,39.94178,-111.78222,1700,Zymo Soil Kit,Spencer McGee,Forest_Fire_Recovery_FS_31N,Forest_Fire_Recovery,Set_2,Burn,2007,2007,6,17,254,in,39.941676,-111.781982,2007-06-17,172144,15.3618421554565,24.4690551757813,4,32.03,0,0,674693,-109,42,42,52,46,42,26,25,31,35,43,45,45,-4.2,-1.5,2.4,6.9,11.8,17.1,21.4,20.3,15.2,9.1,2.3,-3.3,-10.2,-7.7,-4.2,-0.5,3.6,8,12.2,11.2,6.2,0.9,-4.1,-9,1.9,4.8,9,14.2,20,26.2,30.7,29.5,24.2,17.3,8.8,2.5,-4.2,474,37,-1.5,152,2.4,6.9,11.8,17.1,21.4,129,25,82,20,82,52,140,20.3,15.2,Yeates Hollow-St marys-Moweba-Hoskin-Holmes (s7833),yes,254_in
FS-31E,Environmental,Soil,Burn_2007,2018-11-03,39.94178,-111.78222,1700,Zymo Soil Kit,Spencer McGee,Forest_Fire_Recovery_FS_31E,Forest_Fire_Recovery,Set_2,Burn,2007,2007,6,17,254,in,39.941676,-111.781982,2007-06-17,172144,15.3618421554565,24.4690551757813,4,32.03,0,0,674693,-109,42,42,52,46,42,26,25,31,35,43,45,45,-4.2,-1.5,2.4,6.9,11.8,17.1,21.4,20.3,15.2,9.1,2.3,-3.3,-10.2,-7.7,-4.2,-0.5,3.6,8,12.2,11.2,6.2,0.9,-4.1,-9,1.9,4.8,9,14.2,20,26.2,30.7,29.5,24.2,17.3,8.8,2.5,-4.2,474,37,-1.5,152,2.4,6.9,11.8,17.1,21.4,129,25,82,20,82,52,140,20.3,15.2,Yeates Hollow-St marys-Moweba-Hoskin-Holmes (s7833),yes,254_in
FS-41W,Environmental,Soil,Burn_2007,2018-09-08,40.01663,-111.49936,1501,Zymo Soil Kit,Spencer McGee,Forest_Fire_Recovery_FS_41W,Forest_Fire_Recovery,Set_3,Burn,2007,2007,6,24,239,in,40.016673,-111.499308,2007-06-24,152625,1.41681432723999,4.60516452789307,2,3.06,0,0,674407,43,48,47,53,47,42,26,22,28,36,46,50,52,-4.1,-1.2,3.4,8,13,17.7,21.9,20.8,15.9,9.8,2.7,-3.1,-10.1,-7.7,-3.5,0.2,4.4,8.3,12.3,11.3,6.5,1.2,-3.9,-8.8,1.9,5.3,10.4,15.8,21.6,27.2,31.6,30.3,25.3,18.4,9.4,2.6,-4.1,504,37,-1.2,158,3.4,8,13,17.7,21.9,150,23,77,25,77,54,153,20.8,15.9,Roundy-Fitzgerald-Daybell (s7884),yes,239_in
FS-41E,Environmental,Soil,Burn_2007,2018-09-08,40.01663,-111.49936,1501,Zymo Soil Kit,Spencer McGee,Forest_Fire_Recovery_FS_41E,Forest_Fire_Recovery,Set_3,Burn,2007,2007,6,24,239,in,40.016673,-111.499308,2007-06-24,152625,1.41681432723999,4.60516452789307,2,3.06,0,0,674407,43,48,47,53,47,42,26,22,28,36,46,50,52,-4.1,-1.2,3.4,8,13,17.7,21.9,20.8,15.9,9.8,2.7,-3.1,-10.1,-7.7,-3.5,0.2,4.4,8.3,12.3,11.3,6.5,1.2,-3.9,-8.8,1.9,5.3,10.4,15.8,21.6,27.2,31.6,30.3,25.3,18.4,9.4,2.6,-4.1,504,37,-1.2,158,3.4,8,13,17.7,21.9,150,23,77,25,77,54,153,20.8,15.9,Roundy-Fitzgerald-Daybell (s7884),yes,239_in
FS-41N,Environmental,Soil,Burn_2007,2018-09-08,40.01663,-111.49936,1501,Zymo Soil Kit,Spencer McGee,Forest_Fire_Recovery_FS_41N,Forest_Fire_Recovery,Set_3,Burn,2007,2007,6,24,239,in,40.016673,-111.499308,2007-06-24,152625,1.41681432723999,4.60516452789307,2,3.06,0,0,674407,43,48,47,53,47,42,26,22,28,36,46,50,52,-4.1,-1.2,3.4,8,13,17.7,21.9,20.8,15.9,9.8,2.7,-3.1,-10.1,-7.7,-3.5,0.2,4.4,8.3,12.3,11.3,6.5,1.2,-3.9,-8.8,1.9,5.3,10.4,15.8,21.6,27.2,31.6,30.3,25.3,18.4,9.4,2.6,-4.1,504,37,-1.2,158,3.4,8,13,17.7,21.9,150,23,77,25,77,54,153,20.8,15.9,Roundy-Fitzgerald-Daybell (s7884),yes,239_in
FS-42N,Environmental,Soil,NonBurn_2007,2018-06-10,40.018588,-111.498315,1520,Zymo Soil Kit,Spencer McGee,Forest_Fire_Recovery_FS_42N,Forest_Fire_Recovery,Set_3,NonBurn,2007,2008,8,15,46,out,40.018622,-111.720207,2008-08-15,152806,17.829984664917,26.7734909057617,1,20.32,6,2,674680,43,42,42,51,48,43,25,23,29,34,44,46,44,-3.5,-0.5,3.5,8,13.2,18.3,22.8,21.4,16.3,10,3.1,-2.5,-9.2,-6.7,-3.1,0.6,5,9.3,13.6,12.4,7.3,1.8,-3.3,-7.9,2.3,5.6,10.3,15.5,21.4,27.4,32,30.6,25.3,18.2,9.5,3,-3.5,458,36,-0.5,150,3.5,8,13.2,18.3,22.8,123,22,75,22,75,50,139,21.4,16.3,Yeates Hollow-Lucky Star-Hoskin-Horrocks-Gappmayer-Cloud Rim-Bradshaw-Ant Flat (s7886),yes,46_out
FS-42W,Environmental,Soil,NonBurn_2007,2018-06-10,40.01859,-111.49832,1520,Zymo Soil Kit,Spencer McGee,Forest_Fire_Recovery_FS_42W,Forest_Fire_Recovery,Set_3,NonBurn,2007,2008,8,15,46,out,40.018622,-111.720207,2008-08-15,152806,17.829984664917,26.7734909057617,1,20.32,6,2,674680,43,42,42,51,48,43,25,23,29,34,44,46,44,-3.5,-0.5,3.5,8,13.2,18.3,22.8,21.4,16.3,10,3.1,-2.5,-9.2,-6.7,-3.1,0.6,5,9.3,13.6,12.4,7.3,1.8,-3.3,-7.9,2.3,5.6,10.3,15.5,21.4,27.4,32,30.6,25.3,18.2,9.5,3,-3.5,458,36,-0.5,150,3.5,8,13.2,18.3,22.8,123,22,75,22,75,50,139,21.4,16.3,Yeates Hollow-Lucky Star-Hoskin-Horrocks-Gappmayer-Cloud Rim-Bradshaw-Ant Flat (s7886),yes,46_out
FS-42E,Environmental,Soil,NonBurn_2007,2018-06-10,40.01859,-111.49832,1520,Zymo Soil Kit,Spencer McGee,Forest_Fire_Recovery_FS_42E,Forest_Fire_Recovery,Set_3,NonBurn,2007,2008,8,15,46,out,40.018622,-111.720207,2008-08-15,152806,17.829984664917,26.7734909057617,1,20.32,6,2,674680,43,42,42,51,48,43,25,23,29,34,44,46,44,-3.5,-0.5,3.5,8,13.2,18.3,22.8,21.4,16.3,10,3.1,-2.5,-9.2,-6.7,-3.1,0.6,5,9.3,13.6,12.4,7.3,1.8,-3.3,-7.9,2.3,5.6,10.3,15.5,21.4,27.4,32,30.6,25.3,18.2,9.5,3,-3.5,458,36,-0.5,150,3.5,8,13.2,18.3,22.8,123,22,75,22,75,50,139,21.4,16.3,Yeates Hollow-Lucky Star-Hoskin-Horrocks-Gappmayer-Cloud Rim-Bradshaw-Ant Flat (s7886),yes,46_out
FS-53N,Environmental,Soil,NonBurn_2012,2018-09-08,40.11798,-111.33787,1812,Zymo Soil Kit,Spencer McGee,Forest_Fire_Recovery_FS_53N,Forest_Fire_Recovery,Set_4,NonBurn,2012,2012,8,19,679,out,40.117966,-111.335199,2012-08-19,187648,22.0796718597412,31.9264888763428,1,45.15,0,0,674411,7,51,49,47,40,39,27,27,32,38,44,48,51,-6.2,-3.7,0.9,5.6,10.5,15.2,19.3,18.2,13.5,7.8,0.7,-5.1,-12.9,-10.7,-6.2,-2,1.9,5.8,9.6,8.6,4,-0.9,-6.1,-11.4,0.6,3.4,8,13.3,19.1,24.7,29,27.9,23,16.5,7.6,1.3,-6.2,493,38,-3.7,162,0.9,5.6,10.5,15.2,19.3,151,27,86,20,86,51,151,18.2,13.5,Steed-Redola-Provo-Pleasant View-Pleasant Vale-Keigley (s7862),yes,679_out
FS-53W,Environmental,Soil,NonBurn_2012,2018-09-08,40.11798,-111.33787,1812,Zymo Soil Kit,Spencer McGee,Forest_Fire_Recovery_FS_53W,Forest_Fire_Recovery,Set_4,NonBurn,2012,2012,8,19,679,out,40.117966,-111.335199,2012-08-19,187648,22.0796718597412,31.9264888763428,1,45.15,0,0,674411,7,51,49,47,40,39,27,27,32,38,44,48,51,-6.2,-3.7,0.9,5.6,10.5,15.2,19.3,18.2,13.5,7.8,0.7,-5.1,-12.9,-10.7,-6.2,-2,1.9,5.8,9.6,8.6,4,-0.9,-6.1,-11.4,0.6,3.4,8,13.3,19.1,24.7,29,27.9,23,16.5,7.6,1.3,-6.2,493,38,-3.7,162,0.9,5.6,10.5,15.2,19.3,151,27,86,20,86,51,151,18.2,13.5,Steed-Redola-Provo-Pleasant View-Pleasant Vale-Keigley (s7862),yes,679_out
FS-53E,Environmental,Soil,NonBurn_2012,2018-09-08,40.11798,-111.33787,1812,Zymo Soil Kit,Spencer McGee,Forest_Fire_Recovery_FS_53E,Forest_Fire_Recovery,Set_4,NonBurn,2012,2012,8,19,679,out,40.117966,-111.335199,2012-08-19,187648,22.0796718597412,31.9264888763428,1,45.15,0,0,674411,7,51,49,47,40,39,27,27,32,38,44,48,51,-6.2,-3.7,0.9,5.6,10.5,15.2,19.3,18.2,13.5,7.8,0.7,-5.1,-12.9,-10.7,-6.2,-2,1.9,5.8,9.6,8.6,4,-0.9,-6.1,-11.4,0.6,3.4,8,13.3,19.1,24.7,29,27.9,23,16.5,7.6,1.3,-6.2,493,38,-3.7,162,0.9,5.6,10.5,15.2,19.3,151,27,86,20,86,51,151,18.2,13.5,Steed-Redola-Provo-Pleasant View-Pleasant Vale-Keigley (s7862),yes,679_out
FS-54N,Environmental,Soil,Burn_2012,2018-09-08,40.1191,-111.33832,1819,Zymo Soil Kit,Spencer McGee,Forest_Fire_Recovery_FS_54N,Forest_Fire_Recovery,Set_4,Burn,2012,2012,8,19,679,in,40.11885,-111.337902,2012-08-19,182995,16.4556751251221,33.6572418212891,2,17.21,0,0,674411,7,51,49,47,40,39,27,27,32,38,44,48,51,-6.2,-3.7,0.8,5.5,10.4,15.1,19.3,18.2,13.5,7.8,0.7,-5.1,-12.9,-10.7,-6.2,-2.1,1.9,5.7,9.6,8.6,4,-0.9,-6.1,-11.4,0.6,3.4,7.9,13.2,19,24.6,29,27.8,23,16.5,7.6,1.3,-6.2,493,38,-3.7,162,0.8,5.5,10.4,15.1,19.3,151,27,86,20,86,51,151,18.2,13.5,Steed-Redola-Provo-Pleasant View-Pleasant Vale-Keigley (s7862),yes,679_in
FS-54W,Environmental,Soil,Burn_2012,2018-09-08,40.1191,-111.33832,1819,Zymo Soil Kit,Spencer McGee,Forest_Fire_Recovery_FS_54W,Forest_Fire_Recovery,Set_4,Burn,2012,2012,8,19,679,in,40.11885,-111.337902,2012-08-19,182995,16.4556751251221,33.6572418212891,2,17.21,0,0,674411,7,51,49,47,40,39,27,27,32,38,44,48,51,-6.2,-3.7,0.8,5.5,10.4,15.1,19.3,18.2,13.5,7.8,0.7,-5.1,-12.9,-10.7,-6.2,-2.1,1.9,5.7,9.6,8.6,4,-0.9,-6.1,-11.4,0.6,3.4,7.9,13.2,19,24.6,29,27.8,23,16.5,7.6,1.3,-6.2,493,38,-3.7,162,0.8,5.5,10.4,15.1,19.3,151,27,86,20,86,51,151,18.2,13.5,Steed-Redola-Provo-Pleasant View-Pleasant Vale-Keigley (s7862),yes,679_in
FS-54E,Environmental,Soil,Burn_2012,2018-09-08,40.1191,-111.33832,1819,Zymo Soil Kit,Spencer McGee,Forest_Fire_Recovery_FS_54E,Forest_Fire_Recovery,Set_4,Burn,2012,2012,8,19,679,in,40.11885,-111.337902,2012-08-19,182995,16.4556751251221,33.6572418212891,2,17.21,0,0,674411,7,51,49,47,40,39,27,27,32,38,44,48,51,-6.2,-3.7,0.8,5.5,10.4,15.1,19.3,18.2,13.5,7.8,0.7,-5.1,-12.9,-10.7,-6.2,-2.1,1.9,5.7,9.6,8.6,4,-0.9,-6.1,-11.4,0.6,3.4,7.9,13.2,19,24.6,29,27.8,23,16.5,7.6,1.3,-6.2,493,38,-3.7,162,0.8,5.5,10.4,15.1,19.3,151,27,86,20,86,51,151,18.2,13.5,Steed-Redola-Provo-Pleasant View-Pleasant Vale-Keigley (s7862),yes,679_in
FS-59N,Environmental,Soil,Burn_2006,2018-09-01,40.15595,-111.54119,1572,Zymo Soil Kit,Spencer McGee,Forest_Fire_Recovery_FS_59N,Forest_Fire_Recovery,Set_5,Burn,2006,2006,6,5,895,in,40.156028,-111.541224,2006-06-05,157780,32.1194038391113,34.9600639343262,3,7.12,17,5,674387,5,54,52,58,53,46,27,22,28,37,49,54,56,-3.4,-0.4,3.9,8.5,13.5,18.4,22.8,21.5,16.6,10.4,3.2,-2.4,-9.2,-6.8,-3,0.8,5,9.1,13.2,12.1,7.3,1.9,-3.2,-7.8,2.4,6,10.8,16.2,22.1,27.8,32.4,31,25.9,18.9,9.7,3.1,-3.4,562,37,-0.4,156,3.9,8.5,13.5,18.4,22.8,173,23,80,28,80,61,175,21.5,16.6,Rock outcrop-Henefer-Harkers-Gappmayer (s7849),yes,895_in
FS-59W,Environmental,Soil,Burn_2006,2018-09-01,40.15595,-111.54119,1572,Zymo Soil Kit,Spencer McGee,Forest_Fire_Recovery_FS_59W,Forest_Fire_Recovery,Set_5,Burn,2006,2006,6,5,895,in,40.156028,-111.541224,2006-06-05,157780,32.1194038391113,34.9600639343262,3,7.12,17,5,674387,5,54,52,58,53,46,27,22,28,37,49,54,56,-3.4,-0.4,3.9,8.5,13.5,18.4,22.8,21.5,16.6,10.4,3.2,-2.4,-9.2,-6.8,-3,0.8,5,9.1,13.2,12.1,7.3,1.9,-3.2,-7.8,2.4,6,10.8,16.2,22.1,27.8,32.4,31,25.9,18.9,9.7,3.1,-3.4,562,37,-0.4,156,3.9,8.5,13.5,18.4,22.8,173,23,80,28,80,61,175,21.5,16.6,Rock outcrop-Henefer-Harkers-Gappmayer (s7849),yes,895_in
FS-59E,Environmental,Soil,Burn_2006,2018-09-01,40.15595,-111.54119,1572,Zymo Soil Kit,Spencer McGee,Forest_Fire_Recovery_FS_59E,Forest_Fire_Recovery,Set_5,Burn,2006,2006,6,5,895,in,40.156028,-111.541224,2006-06-05,157780,32.1194038391113,34.9600639343262,3,7.12,17,5,674387,5,54,52,58,53,46,27,22,28,37,49,54,56,-3.4,-0.4,3.9,8.5,13.5,18.4,22.8,21.5,16.6,10.4,3.2,-2.4,-9.2,-6.8,-3,0.8,5,9.1,13.2,12.1,7.3,1.9,-3.2,-7.8,2.4,6,10.8,16.2,22.1,27.8,32.4,31,25.9,18.9,9.7,3.1,-3.4,562,37,-0.4,156,3.9,8.5,13.5,18.4,22.8,173,23,80,28,80,61,175,21.5,16.6,Rock outcrop-Henefer-Harkers-Gappmayer (s7849),yes,895_in
FS-60N,Environmental,Soil,NonBurn_2006,2018-09-01,40.15741,-111.53829,1628,Zymo Soil Kit,Spencer McGee,Forest_Fire_Recovery_FS_60N,Forest_Fire_Recovery,Set_5,NonBurn,2006,2006,6,5,895,out,40.157489,-111.53819,2006-06-05,163549,34.3605766296387,37.7019081115723,3,3.24,0,0,674387,5,54,52,58,53,46,27,22,28,37,49,54,56,-3.4,-0.4,3.9,8.5,13.5,18.4,22.8,21.5,16.6,10.4,3.2,-2.4,-9.2,-6.8,-3,0.8,5,9.1,13.2,12.1,7.3,1.9,-3.2,-7.8,2.4,6,10.8,16.2,22.1,27.8,32.4,31,25.9,18.9,9.7,3.1,-3.4,536,37,-0.4,156,3.9,8.5,13.5,18.4,22.8,162,22,77,27,77,58,164,21.5,16.6,Rock outcrop-Henefer-Harkers-Gappmayer (s7849),yes,895_out
FS-60W,Environmental,Soil,NonBurn_2006,2018-09-01,40.15741,-111.53829,1628,Zymo Soil Kit,Spencer McGee,Forest_Fire_Recovery_FS_60W,Forest_Fire_Recovery,Set_5,NonBurn,2006,2006,6,5,895,out,40.157489,-111.53819,2006-06-05,163549,34.3605766296387,37.7019081115723,3,3.24,0,0,674387,5,54,52,58,53,46,27,22,28,37,49,54,56,-3.4,-0.4,3.9,8.5,13.5,18.4,22.8,21.5,16.6,10.4,3.2,-2.4,-9.2,-6.8,-3,0.8,5,9.1,13.2,12.1,7.3,1.9,-3.2,-7.8,2.4,6,10.8,16.2,22.1,27.8,32.4,31,25.9,18.9,9.7,3.1,-3.4,536,37,-0.4,156,3.9,8.5,13.5,18.4,22.8,162,22,77,27,77,58,164,21.5,16.6,Rock outcrop-Henefer-Harkers-Gappmayer (s7849),yes,895_out
FS-60E,Environmental,Soil,NonBurn_2006,2018-09-01,40.15741,-111.53829,1628,Zymo Soil Kit,Spencer McGee,Forest_Fire_Recovery_FS_60E,Forest_Fire_Recovery,Set_5,NonBurn,2006,2006,6,5,895,out,40.157489,-111.53819,2006-06-05,163549,34.3605766296387,37.7019081115723,3,3.24,0,0,674387,5,54,52,58,53,46,27,22,28,37,49,54,56,-3.4,-0.4,3.9,8.5,13.5,18.4,22.8,21.5,16.6,10.4,3.2,-2.4,-9.2,-6.8,-3,0.8,5,9.1,13.2,12.1,7.3,1.9,-3.2,-7.8,2.4,6,10.8,16.2,22.1,27.8,32.4,31,25.9,18.9,9.7,3.1,-3.4,536,37,-0.4,156,3.9,8.5,13.5,18.4,22.8,162,22,77,27,77,58,164,21.5,16.6,Rock outcrop-Henefer-Harkers-Gappmayer (s7849),yes,895_out
FS-71E,Environmental,Soil,NonBurn_2003,2018-09-29,40.2859,-111.63174,1660,Zymo Soil Kit,Spencer McGee,Forest_Fire_Recovery_FS_71E,Forest_Fire_Recovery,Set_6,NonBurn,2003,2003,8,15,883,out,40.285884,-111.631759,2003-08-15,166494,29.7874431610107,38.8780746459961,4,19.12,3,1,674389,118,54,52,56,52,47,28,23,28,38,50,53,55,-3.4,-0.4,3.5,8.1,13.2,18.1,22.5,21.3,16.2,10,3,-2.4,-9.1,-6.8,-3.3,0.5,4.7,8.8,12.9,11.8,6.9,1.6,-3.3,-7.7,2.4,6.1,10.4,15.7,21.7,27.5,32.2,30.9,25.6,18.5,9.3,3,-3.4,533,37,-0.4,155,3.5,8.1,13.2,18.1,22.5,160,23,79,26,79,56,161,21.3,16.2,Rock outcrop-Mower-Lundy-Lizzant-Hamtah-Agassiz (s8168),yes,883_out
FS-71W,Environmental,Soil,NonBurn_2003,2018-09-29,40.2859,-111.63174,1660,Zymo Soil Kit,Spencer McGee,Forest_Fire_Recovery_FS_71W,Forest_Fire_Recovery,Set_6,NonBurn,2003,2003,8,15,883,out,40.285884,-111.631759,2003-08-15,166494,29.7874431610107,38.8780746459961,4,19.12,3,1,674389,118,54,52,56,52,47,28,23,28,38,50,53,55,-3.4,-0.4,3.5,8.1,13.2,18.1,22.5,21.3,16.2,10,3,-2.4,-9.1,-6.8,-3.3,0.5,4.7,8.8,12.9,11.8,6.9,1.6,-3.3,-7.7,2.4,6.1,10.4,15.7,21.7,27.5,32.2,30.9,25.6,18.5,9.3,3,-3.4,533,37,-0.4,155,3.5,8.1,13.2,18.1,22.5,160,23,79,26,79,56,161,21.3,16.2,Rock outcrop-Mower-Lundy-Lizzant-Hamtah-Agassiz (s8168),yes,883_out
FS-71N,Environmental,Soil,NonBurn_2003,2018-09-29,40.2859,-111.63174,1660,Zymo Soil Kit,Spencer McGee,Forest_Fire_Recovery_FS_71N,Forest_Fire_Recovery,Set_6,NonBurn,2003,2003,8,15,883,out,40.285884,-111.631759,2003-08-15,166494,29.7874431610107,38.8780746459961,4,19.12,3,1,674389,118,54,52,56,52,47,28,23,28,38,50,53,55,-3.4,-0.4,3.5,8.1,13.2,18.1,22.5,21.3,16.2,10,3,-2.4,-9.1,-6.8,-3.3,0.5,4.7,8.8,12.9,11.8,6.9,1.6,-3.3,-7.7,2.4,6.1,10.4,15.7,21.7,27.5,32.2,30.9,25.6,18.5,9.3,3,-3.4,533,37,-0.4,155,3.5,8.1,13.2,18.1,22.5,160,23,79,26,79,56,161,21.3,16.2,Rock outcrop-Mower-Lundy-Lizzant-Hamtah-Agassiz (s8168),yes,883_out
FS-72N,Environmental,Soil,Burn_2003,2018-09-29,40.2865,-111.63195,1682,Zymo Soil Kit,Spencer McGee,Forest_Fire_Recovery_FS_72N,Forest_Fire_Recovery,Set_6,Burn,2003,2003,8,15,883,in,40.286551,-111.631964,2003-08-15,167493,31.986026763916,38.8780746459961,4,9.32,3,1,674389,118,54,52,56,52,47,28,23,28,38,50,53,55,-3.4,-0.4,3.5,8.1,13.2,18.1,22.5,21.3,16.2,10,3,-2.4,-9.1,-6.8,-3.3,0.5,4.7,8.8,12.9,11.8,6.9,1.6,-3.3,-7.7,2.4,6.1,10.4,15.7,21.7,27.5,32.2,30.9,25.6,18.5,9.3,3,-3.4,536,37,-0.4,155,3.5,8.1,13.2,18.1,22.5,161,23,79,26,79,56,162,21.3,16.2,Rock outcrop-Mower-Lundy-Lizzant-Hamtah-Agassiz (s8168),yes,883_in
FS-72W,Environmental,Soil,Burn_2003,2018-09-29,40.2865,-111.63195,1682,Zymo Soil Kit,Spencer McGee,Forest_Fire_Recovery_FS_72W,Forest_Fire_Recovery,Set_6,Burn,2003,2003,8,15,883,in,40.286551,-111.631964,2003-08-15,167493,31.986026763916,38.8780746459961,4,9.32,3,1,674389,118,54,52,56,52,47,28,23,28,38,50,53,55,-3.4,-0.4,3.5,8.1,13.2,18.1,22.5,21.3,16.2,10,3,-2.4,-9.1,-6.8,-3.3,0.5,4.7,8.8,12.9,11.8,6.9,1.6,-3.3,-7.7,2.4,6.1,10.4,15.7,21.7,27.5,32.2,30.9,25.6,18.5,9.3,3,-3.4,536,37,-0.4,155,3.5,8.1,13.2,18.1,22.5,161,23,79,26,79,56,162,21.3,16.2,Rock outcrop-Mower-Lundy-Lizzant-Hamtah-Agassiz (s8168),yes,883_in
FS-72E,Environmental,Soil,Burn_2003,2018-09-29,40.2865,-111.63195,1682,Zymo Soil Kit,Spencer McGee,Forest_Fire_Recovery_FS_72E,Forest_Fire_Recovery,Set_6,Burn,2003,2003,8,15,883,in,40.286551,-111.631964,2003-08-15,167493,31.986026763916,38.8780746459961,4,9.32,3,1,674389,118,54,52,56,52,47,28,23,28,38,50,53,55,-3.4,-0.4,3.5,8.1,13.2,18.1,22.5,21.3,16.2,10,3,-2.4,-9.1,-6.8,-3.3,0.5,4.7,8.8,12.9,11.8,6.9,1.6,-3.3,-7.7,2.4,6.1,10.4,15.7,21.7,27.5,32.2,30.9,25.6,18.5,9.3,3,-3.4,536,37,-0.4,155,3.5,8.1,13.2,18.1,22.5,161,23,79,26,79,56,162,21.3,16.2,Rock outcrop-Mower-Lundy-Lizzant-Hamtah-Agassiz (s8168),yes,883_in
FS-73W,Environmental,Soil,NonBurn_2000,2018-11-04,40.34813,-111.55259,1653,Zymo Soil Kit,Spencer McGee,Forest_Fire_Recovery_FS_73W,Forest_Fire_Recovery,Set_7,NonBurn,2000,2000,7,26,1459,out,40.348102,-111.552615,2000-07-26,166129,13.6941804885864,35.5107879638672,3,26.29,1,0,674417,43,63,59,57,50,47,30,26,31,41,53,59,62,-4.6,-2,1.9,6.6,11.6,16.5,20.8,19.8,14.8,8.8,1.7,-3.7,-10.7,-8.7,-5,-1.1,2.9,6.9,10.7,9.8,5.2,0.1,-4.8,-9.5,1.6,4.8,8.9,14.3,20.3,26.1,30.9,29.8,24.5,17.5,8.2,2.1,-4.6,578,38,-2,161,1.9,6.6,11.6,16.5,20.8,184,26,87,26,87,63,184,19.8,14.8,Sterling-Sheep Creek-Richmond-Foxol-Elzinga-Agassiz (s7785),yes,1459_out
FS-73N,Environmental,Soil,NonBurn_2000,2018-11-04,40.34813,-111.55259,1653,Zymo Soil Kit,Spencer McGee,Forest_Fire_Recovery_FS_73N,Forest_Fire_Recovery,Set_7,NonBurn,2000,2000,7,26,1459,out,40.348102,-111.552615,2000-07-26,166129,13.6941804885864,35.5107879638672,3,26.29,1,0,674417,43,63,59,57,50,47,30,26,31,41,53,59,62,-4.6,-2,1.9,6.6,11.6,16.5,20.8,19.8,14.8,8.8,1.7,-3.7,-10.7,-8.7,-5,-1.1,2.9,6.9,10.7,9.8,5.2,0.1,-4.8,-9.5,1.6,4.8,8.9,14.3,20.3,26.1,30.9,29.8,24.5,17.5,8.2,2.1,-4.6,578,38,-2,161,1.9,6.6,11.6,16.5,20.8,184,26,87,26,87,63,184,19.8,14.8,Sterling-Sheep Creek-Richmond-Foxol-Elzinga-Agassiz (s7785),yes,1459_out
FS-73E,Environmental,Soil,NonBurn_2000,2018-11-04,40.34813,-111.55259,1653,Zymo Soil Kit,Spencer McGee,Forest_Fire_Recovery_FS_73E,Forest_Fire_Recovery,Set_7,NonBurn,2000,2000,7,26,1459,out,40.348102,-111.552615,2000-07-26,166129,13.6941804885864,35.5107879638672,3,26.29,1,0,674417,43,63,59,57,50,47,30,26,31,41,53,59,62,-4.6,-2,1.9,6.6,11.6,16.5,20.8,19.8,14.8,8.8,1.7,-3.7,-10.7,-8.7,-5,-1.1,2.9,6.9,10.7,9.8,5.2,0.1,-4.8,-9.5,1.6,4.8,8.9,14.3,20.3,26.1,30.9,29.8,24.5,17.5,8.2,2.1,-4.6,578,38,-2,161,1.9,6.6,11.6,16.5,20.8,184,26,87,26,87,63,184,19.8,14.8,Sterling-Sheep Creek-Richmond-Foxol-Elzinga-Agassiz (s7785),yes,1459_out
FS-74E,Environmental,Soil,Burn_2000,2018-11-04,40.34851,-111.54983,1655,Zymo Soil Kit,Spencer McGee,Forest_Fire_Recovery_FS_74E,Forest_Fire_Recovery,Set_7,Burn,2000,2000,7,26,1459,in,40.348496,-111.549795,2000-07-26,166849,17.5042343139648,38.765022277832,3,28.91,1,0,674417,43,62,59,56,50,46,30,25,30,41,52,59,61,-4.5,-1.8,2.2,6.9,11.8,16.7,21.1,20.1,15,9.1,1.9,-3.5,-10.7,-8.6,-4.8,-0.8,3.1,7.1,11,10.1,5.3,0.3,-4.6,-9.3,1.7,5.1,9.2,14.7,20.6,26.4,31.2,30.1,24.8,17.9,8.5,2.3,-4.5,576,38,-1.8,161,2.2,6.9,11.8,16.7,21.1,183,26,86,26,86,63,183,20.1,15,Sterling-Sheep Creek-Richmond-Foxol-Elzinga-Agassiz (s7785),yes,1459_in
FS-74N,Environmental,Soil,Burn_2000,2018-11-04,40.34851,-111.54983,1655,Zymo Soil Kit,Spencer McGee,Forest_Fire_Recovery_FS_74N,Forest_Fire_Recovery,Set_7,Burn,2000,2000,7,26,1459,in,40.348496,-111.549795,2000-07-26,166849,17.5042343139648,38.765022277832,3,28.91,1,0,674417,43,62,59,56,50,46,30,25,30,41,52,59,61,-4.5,-1.8,2.2,6.9,11.8,16.7,21.1,20.1,15,9.1,1.9,-3.5,-10.7,-8.6,-4.8,-0.8,3.1,7.1,11,10.1,5.3,0.3,-4.6,-9.3,1.7,5.1,9.2,14.7,20.6,26.4,31.2,30.1,24.8,17.9,8.5,2.3,-4.5,576,38,-1.8,161,2.2,6.9,11.8,16.7,21.1,183,26,86,26,86,63,183,20.1,15,Sterling-Sheep Creek-Richmond-Foxol-Elzinga-Agassiz (s7785),yes,1459_in
FS-74W,Environmental,Soil,Burn_2000,2018-11-04,40.34851,-111.54983,1655,Zymo Soil Kit,Spencer McGee,Forest_Fire_Recovery_FS_74W,Forest_Fire_Recovery,Set_7,Burn,2000,2000,7,26,1459,in,40.348496,-111.549795,2000-07-26,166849,17.5042343139648,38.765022277832,3,28.91,1,0,674417,43,62,59,56,50,46,30,25,30,41,52,59,61,-4.5,-1.8,2.2,6.9,11.8,16.7,21.1,20.1,15,9.1,1.9,-3.5,-10.7,-8.6,-4.8,-0.8,3.1,7.1,11,10.1,5.3,0.3,-4.6,-9.3,1.7,5.1,9.2,14.7,20.6,26.4,31.2,30.1,24.8,17.9,8.5,2.3,-4.5,576,38,-1.8,161,2.2,6.9,11.8,16.7,21.1,183,26,86,26,86,63,183,20.1,15,Sterling-Sheep Creek-Richmond-Foxol-Elzinga-Agassiz (s7785),yes,1459_in
FS-77N,Environmental,Soil,NonBurn_2003,2018-10-24,40.42167,-111.53309,1937,Zymo Soil Kit,Spencer McGee,Forest_Fire_Recovery_FS_77N,Forest_Fire_Recovery,Set_8,NonBurn,2003,2003,9,23,874,out,40.421916,-111.53317,2003-09-23,194683,12.7048654556274,19.9986000061035,2,68.03,0,0,674417,26,66,61,56,50,47,31,27,32,41,51,59,62,-5,-2.6,1.2,5.8,10.8,15.7,19.8,18.9,13.9,8.2,1.1,-4.1,-11.4,-9.5,-5.7,-1.9,2,6,9.7,8.9,4.2,-0.5,-5.5,-10.2,1.4,4.3,8.2,13.5,19.6,25.4,30,28.9,23.7,17,7.8,2.1,-5,584,39,-2.6,163,1.2,5.8,10.8,15.7,19.8,189,27,90,26,90,66,189,18.9,13.9,Sterling-Sheep Creek-Richmond-Foxol-Elzinga-Agassiz (s7785),yes,874_out
FS-77E,Environmental,Soil,NonBurn_2003,2018-10-24,40.42167,-111.53309,1937,Zymo Soil Kit,Spencer McGee,Forest_Fire_Recovery_FS_77E,Forest_Fire_Recovery,Set_8,NonBurn,2003,2003,9,23,874,out,40.421916,-111.53317,2003-09-23,194683,12.7048654556274,19.9986000061035,2,68.03,0,0,674417,26,66,61,56,50,47,31,27,32,41,51,59,62,-5,-2.6,1.2,5.8,10.8,15.7,19.8,18.9,13.9,8.2,1.1,-4.1,-11.4,-9.5,-5.7,-1.9,2,6,9.7,8.9,4.2,-0.5,-5.5,-10.2,1.4,4.3,8.2,13.5,19.6,25.4,30,28.9,23.7,17,7.8,2.1,-5,584,39,-2.6,163,1.2,5.8,10.8,15.7,19.8,189,27,90,26,90,66,189,18.9,13.9,Sterling-Sheep Creek-Richmond-Foxol-Elzinga-Agassiz (s7785),yes,874_out
FS-77W,Environmental,Soil,NonBurn_2003,2018-10-24,40.42167,-111.53309,1937,Zymo Soil Kit,Spencer McGee,Forest_Fire_Recovery_FS_77W,Forest_Fire_Recovery,Set_8,NonBurn,2003,2003,9,23,874,out,40.421916,-111.53317,2003-09-23,194683,12.7048654556274,19.9986000061035,2,68.03,0,0,674417,26,66,61,56,50,47,31,27,32,41,51,59,62,-5,-2.6,1.2,5.8,10.8,15.7,19.8,18.9,13.9,8.2,1.1,-4.1,-11.4,-9.5,-5.7,-1.9,2,6,9.7,8.9,4.2,-0.5,-5.5,-10.2,1.4,4.3,8.2,13.5,19.6,25.4,30,28.9,23.7,17,7.8,2.1,-5,584,39,-2.6,163,1.2,5.8,10.8,15.7,19.8,189,27,90,26,90,66,189,18.9,13.9,Sterling-Sheep Creek-Richmond-Foxol-Elzinga-Agassiz (s7785),yes,874_out
FS-78E,Environmental,Soil,Burn_2003,2018-10-24,40.42356,-111.53493,1922,Zymo Soil Kit,Spencer McGee,Forest_Fire_Recovery_FS_78E,Forest_Fire_Recovery,Set_8,Burn,2003,2003,9,23,874,in,40.423623,-111.534926,2003-09-23,193683,14.0483236312866,23.6306571960449,2,40.85,0,0,674417,26,66,62,58,51,48,31,27,32,41,51,59,62,-5,-2.7,1,5.6,10.5,15.5,19.6,18.8,13.8,8.1,1,-4.1,-11.4,-9.5,-5.9,-2,1.9,5.9,9.6,8.9,4.2,-0.5,-5.6,-10.2,1.4,4.2,7.9,13.2,19.3,25.1,29.7,28.7,23.5,16.7,7.6,2,-5,587,39,-2.7,162,1,5.6,10.5,15.5,19.6,190,27,90,26,90,66,190,18.8,13.8,Sterling-Sheep Creek-Richmond-Foxol-Elzinga-Agassiz (s7785),yes,874_in
FS-81N,Environmental,Soil,Burn_2000,2018-10-03,40.633,-111.18538,2176,Zymo Soil Kit,Spencer McGee,Forest_Fire_Recovery_FS_81N,Forest_Fire_Recovery,Set_9,Burn,2000,2000,6,18,1452,in,40.633002,-111.185424,2000-06-18,216193,5.03178834915161,9.03526401519775,3,2.24,8,2,674417,118,47,47,45,44,41,30,29,32,39,43,46,46,-6.2,-4.4,-1.3,3.4,8.3,13.2,17.6,16.5,11.8,6.4,-0.5,-5.4,-13,-11.4,-8,-3.9,0.2,4.2,8.1,7.1,2.6,-2,-7.2,-12.1,0.7,2.6,5.4,10.7,16.5,22.3,27.1,25.9,21,14.9,6.3,1.3,-6.2,495,39,-4.4,157,-1.3,3.4,8.3,13.2,17.6,142,29,92,16,92,48,142,16.5,11.8,Sterling-Sheep Creek-Richmond-Foxol-Elzinga-Agassiz (s7785),yes,1452_in
FS-81W,Environmental,Soil,Burn_2000,2018-10-03,40.633,-111.18538,2176,Zymo Soil Kit,Spencer McGee,Forest_Fire_Recovery_FS_81W,Forest_Fire_Recovery,Set_9,Burn,2000,2000,6,18,1452,in,40.633002,-111.185424,2000-06-18,216193,5.03178834915161,9.03526401519775,3,2.24,8,2,674417,118,47,47,45,44,41,30,29,32,39,43,46,46,-6.2,-4.4,-1.3,3.4,8.3,13.2,17.6,16.5,11.8,6.4,-0.5,-5.4,-13,-11.4,-8,-3.9,0.2,4.2,8.1,7.1,2.6,-2,-7.2,-12.1,0.7,2.6,5.4,10.7,16.5,22.3,27.1,25.9,21,14.9,6.3,1.3,-6.2,495,39,-4.4,157,-1.3,3.4,8.3,13.2,17.6,142,29,92,16,92,48,142,16.5,11.8,Sterling-Sheep Creek-Richmond-Foxol-Elzinga-Agassiz (s7785),yes,1452_in
FS-81E,Environmental,Soil,Burn_2000,2018-10-03,40.633,-111.18538,2176,Zymo Soil Kit,Spencer McGee,Forest_Fire_Recovery_FS_81E,Forest_Fire_Recovery,Set_9,Burn,2000,2000,6,18,1452,in,40.633002,-111.185424,2000-06-18,216193,5.03178834915161,9.03526401519775,3,2.24,8,2,674417,118,47,47,45,44,41,30,29,32,39,43,46,46,-6.2,-4.4,-1.3,3.4,8.3,13.2,17.6,16.5,11.8,6.4,-0.5,-5.4,-13,-11.4,-8,-3.9,0.2,4.2,8.1,7.1,2.6,-2,-7.2,-12.1,0.7,2.6,5.4,10.7,16.5,22.3,27.1,25.9,21,14.9,6.3,1.3,-6.2,495,39,-4.4,157,-1.3,3.4,8.3,13.2,17.6,142,29,92,16,92,48,142,16.5,11.8,Sterling-Sheep Creek-Richmond-Foxol-Elzinga-Agassiz (s7785),yes,1452_in
FS-82N,Environmental,Soil,NonBurn_2000,2018-10-03,40.63437,-111.18636,2176,Zymo Soil Kit,Spencer McGee,Forest_Fire_Recovery_FS_82N,Forest_Fire_Recovery,Set_9,NonBurn,2000,2000,6,18,1452,out,40.634394,-111.186356,2000-06-18,218140,8.14802265167236,11.043173789978,3,12.82,8,2,674417,118,47,47,45,44,41,30,29,32,39,43,46,46,-6.2,-4.4,-1.3,3.4,8.3,13.2,17.6,16.5,11.8,6.4,-0.5,-5.4,-13,-11.4,-8,-3.9,0.2,4.2,8.1,7.1,2.6,-2,-7.2,-12.1,0.7,2.6,5.4,10.7,16.5,22.3,27.1,25.9,21,14.9,6.3,1.3,-6.2,519,39,-4.4,154,-1.3,3.4,8.3,13.2,17.6,151,30,95,17,95,51,151,16.5,11.8,Sterling-Sheep Creek-Richmond-Foxol-Elzinga-Agassiz (s7785),yes,1452_out
FS-82W,Environmental,Soil,NonBurn_2000,2018-10-03,40.63437,-111.18636,2176,Zymo Soil Kit,Spencer McGee,Forest_Fire_Recovery_FS_82W,Forest_Fire_Recovery,Set_9,NonBurn,2000,2000,6,18,1452,out,40.634394,-111.186356,2000-06-18,218140,8.14802265167236,11.043173789978,3,12.82,8,2,674417,118,47,47,45,44,41,30,29,32,39,43,46,46,-6.2,-4.4,-1.3,3.4,8.3,13.2,17.6,16.5,11.8,6.4,-0.5,-5.4,-13,-11.4,-8,-3.9,0.2,4.2,8.1,7.1,2.6,-2,-7.2,-12.1,0.7,2.6,5.4,10.7,16.5,22.3,27.1,25.9,21,14.9,6.3,1.3,-6.2,519,39,-4.4,154,-1.3,3.4,8.3,13.2,17.6,151,30,95,17,95,51,151,16.5,11.8,Sterling-Sheep Creek-Richmond-Foxol-Elzinga-Agassiz (s7785),yes,1452_out
FS-82E,Environmental,Soil,NonBurn_2000,2018-10-03,40.63437,-111.18636,2176,Zymo Soil Kit,Spencer McGee,Forest_Fire_Recovery_FS_82E,Forest_Fire_Recovery,Set_9,NonBurn,2000,2000,6,18,1452,out,40.634394,-111.186356,2000-06-18,218140,8.14802265167236,11.043173789978,3,12.82,8,2,674417,118,47,47,45,44,41,30,29,32,39,43,46,46,-6.2,-4.4,-1.3,3.4,8.3,13.2,17.6,16.5,11.8,6.4,-0.5,-5.4,-13,-11.4,-8,-3.9,0.2,4.2,8.1,7.1,2.6,-2,-7.2,-12.1,0.7,2.6,5.4,10.7,16.5,22.3,27.1,25.9,21,14.9,6.3,1.3,-6.2,519,39,-4.4,154,-1.3,3.4,8.3,13.2,17.6,151,30,95,17,95,51,151,16.5,11.8,Sterling-Sheep Creek-Richmond-Foxol-Elzinga-Agassiz (s7785),yes,1452_out
FS-115E,Environmental,Soil,Burn_2006,2018-07-14,41.48998,-111.99606,1483,Zymo Soil Kit,Spencer McGee,Forest_Fire_Recovery_FS_115E,Forest_Fire_Recovery,Set_10,Burn,2006,2006,8,23,704,in,41.489965,-111.996076,2006-08-23,148606,18.2032928466797,23.955530166626,1,52.24,0,0,674339,37,52,49,54,57,56,38,21,25,38,46,51,53,-5.1,-2.5,2,6.8,11.9,16.9,21.6,20.6,15.1,8.8,1.8,-3.8,-10.4,-8.3,-3.9,0.2,4.5,8.7,12.6,11.7,6.5,1,-3.9,-8.9,0.3,3.4,7.9,13.5,19.3,25.2,30.6,29.5,23.7,16.7,7.6,1.3,-5.1,540,34,-2.5,141,2,6.8,11.9,16.9,21.6,154,21,84,25,84,57,167,20.6,15.1,Nielsen-Dranyon-Dra (s2168),yes,704_in
FS-115N,Environmental,Soil,Burn_2006,2018-07-14,41.48998,-111.99606,1483,Zymo Soil Kit,Spencer McGee,Forest_Fire_Recovery_FS_115N,Forest_Fire_Recovery,Set_10,Burn,2006,2006,8,23,704,in,41.489965,-111.996076,2006-08-23,148606,18.2032928466797,23.955530166626,1,52.24,0,0,674339,37,52,49,54,57,56,38,21,25,38,46,51,53,-5.1,-2.5,2,6.8,11.9,16.9,21.6,20.6,15.1,8.8,1.8,-3.8,-10.4,-8.3,-3.9,0.2,4.5,8.7,12.6,11.7,6.5,1,-3.9,-8.9,0.3,3.4,7.9,13.5,19.3,25.2,30.6,29.5,23.7,16.7,7.6,1.3,-5.1,540,34,-2.5,141,2,6.8,11.9,16.9,21.6,154,21,84,25,84,57,167,20.6,15.1,Nielsen-Dranyon-Dra (s2168),yes,704_in
FS-115W,Environmental,Soil,Burn_2006,2018-07-14,41.48998,-111.99606,1483,Zymo Soil Kit,Spencer McGee,Forest_Fire_Recovery_FS_115W,Forest_Fire_Recovery,Set_10,Burn,2006,2006,8,23,704,in,41.489965,-111.996076,2006-08-23,148606,18.2032928466797,23.955530166626,1,52.24,0,0,674339,37,52,49,54,57,56,38,21,25,38,46,51,53,-5.1,-2.5,2,6.8,11.9,16.9,21.6,20.6,15.1,8.8,1.8,-3.8,-10.4,-8.3,-3.9,0.2,4.5,8.7,12.6,11.7,6.5,1,-3.9,-8.9,0.3,3.4,7.9,13.5,19.3,25.2,30.6,29.5,23.7,16.7,7.6,1.3,-5.1,540,34,-2.5,141,2,6.8,11.9,16.9,21.6,154,21,84,25,84,57,167,20.6,15.1,Nielsen-Dranyon-Dra (s2168),yes,704_in
FS-116E,Environmental,Soil,NonBurn_2006,2018-07-14,41.49117,-111.99463,1483,Zymo Soil Kit,Spencer McGee,Forest_Fire_Recovery_FS_116E,Forest_Fire_Recovery,Set_10,NonBurn,2006,2006,8,23,704,out,41.491142,-111.994484,2006-08-23,149258,21.6930732727051,26.1550464630127,1,51.71,0,0,674339,37,52,49,54,57,56,38,21,25,38,46,51,53,-5.2,-2.6,1.8,6.6,11.7,16.7,21.4,20.4,14.9,8.7,1.7,-3.9,-10.5,-8.5,-4.1,0,4.3,8.5,12.4,11.5,6.3,0.9,-4.1,-9.1,0.3,3.3,7.7,13.3,19.1,25,30.4,29.3,23.6,16.6,7.5,1.2,-5.2,540,34,-2.6,141,1.8,6.6,11.7,16.7,21.4,154,21,84,25,84,57,167,20.4,14.9,Nielsen-Dranyon-Dra (s2168),yes,704_out
FS-116N,Environmental,Soil,NonBurn_2006,2018-07-14,41.49117,-111.99463,1483,Zymo Soil Kit,Spencer McGee,Forest_Fire_Recovery_FS_116N,Forest_Fire_Recovery,Set_10,NonBurn,2006,2006,8,23,704,out,41.491142,-111.994484,2006-08-23,149258,21.6930732727051,26.1550464630127,1,51.71,0,0,674339,37,52,49,54,57,56,38,21,25,38,46,51,53,-5.2,-2.6,1.8,6.6,11.7,16.7,21.4,20.4,14.9,8.7,1.7,-3.9,-10.5,-8.5,-4.1,0,4.3,8.5,12.4,11.5,6.3,0.9,-4.1,-9.1,0.3,3.3,7.7,13.3,19.1,25,30.4,29.3,23.6,16.6,7.5,1.2,-5.2,540,34,-2.6,141,1.8,6.6,11.7,16.7,21.4,154,21,84,25,84,57,167,20.4,14.9,Nielsen-Dranyon-Dra (s2168),yes,704_out
FS-116W,Environmental,Soil,NonBurn_2006,2018-07-14,41.49117,-111.99463,1483,Zymo Soil Kit,Spencer McGee,Forest_Fire_Recovery_FS_116W,Forest_Fire_Recovery,Set_10,NonBurn,2006,2006,8,23,704,out,41.491142,-111.994484,2006-08-23,149258,21.6930732727051,26.1550464630127,1,51.71,0,0,674339,37,52,49,54,57,56,38,21,25,38,46,51,53,-5.2,-2.6,1.8,6.6,11.7,16.7,21.4,20.4,14.9,8.7,1.7,-3.9,-10.5,-8.5,-4.1,0,4.3,8.5,12.4,11.5,6.3,0.9,-4.1,-9.1,0.3,3.3,7.7,13.3,19.1,25,30.4,29.3,23.6,16.6,7.5,1.2,-5.2,540,34,-2.6,141,1.8,6.6,11.7,16.7,21.4,154,21,84,25,84,57,167,20.4,14.9,Nielsen-Dranyon-Dra (s2168),yes,704_out
FS-119E,Environmental,Soil,NonBurn_2015,2018-07-13,41.60682,-111.60818,1643,Zymo Soil Kit,Spencer McGee,Forest_Fire_Recovery_FS_119E,Forest_Fire_Recovery,Set_11,NonBurn,2015,2015,9,25,1628,out,41.606838,-111.608181,2015-09-25,165933,13.74596118927,30.7330360412598,3,25.74,0,0,674339,118,42,38,42,48,45,35,21,26,36,40,42,43,-6.9,-4.9,-0.6,4.5,9.2,13.7,17.9,16.9,11.9,6.3,-0.4,-5.9,-13.9,-12.2,-7.4,-2.8,0.8,4.2,7.3,6.4,1.7,-3.2,-7.5,-12.7,0.1,2.5,6.3,11.9,17.7,23.3,28.5,27.5,22.2,15.8,6.7,1,-6.9,464,39,-4.9,168,-0.6,4.5,9.2,13.7,17.9,125,20,80,21,80,49,139,16.9,11.9,Nielsen-Dranyon-Dra (s2168),yes,1628_out
FS-119W,Environmental,Soil,NonBurn_2015,2018-07-13,41.60682,-111.60818,1643,Zymo Soil Kit,Spencer McGee,Forest_Fire_Recovery_FS_119W,Forest_Fire_Recovery,Set_11,NonBurn,2015,2015,9,25,1628,out,41.606838,-111.608181,2015-09-25,165933,13.74596118927,30.7330360412598,3,25.74,0,0,674339,118,42,38,42,48,45,35,21,26,36,40,42,43,-6.9,-4.9,-0.6,4.5,9.2,13.7,17.9,16.9,11.9,6.3,-0.4,-5.9,-13.9,-12.2,-7.4,-2.8,0.8,4.2,7.3,6.4,1.7,-3.2,-7.5,-12.7,0.1,2.5,6.3,11.9,17.7,23.3,28.5,27.5,22.2,15.8,6.7,1,-6.9,464,39,-4.9,168,-0.6,4.5,9.2,13.7,17.9,125,20,80,21,80,49,139,16.9,11.9,Nielsen-Dranyon-Dra (s2168),yes,1628_out
FS-119N,Environmental,Soil,NonBurn_2015,2018-07-13,41.60682,-111.60818,1643,Zymo Soil Kit,Spencer McGee,Forest_Fire_Recovery_FS_119N,Forest_Fire_Recovery,Set_11,NonBurn,2015,2015,9,25,1628,out,41.606838,-111.608181,2015-09-25,165933,13.74596118927,30.7330360412598,3,25.74,0,0,674339,118,42,38,42,48,45,35,21,26,36,40,42,43,-6.9,-4.9,-0.6,4.5,9.2,13.7,17.9,16.9,11.9,6.3,-0.4,-5.9,-13.9,-12.2,-7.4,-2.8,0.8,4.2,7.3,6.4,1.7,-3.2,-7.5,-12.7,0.1,2.5,6.3,11.9,17.7,23.3,28.5,27.5,22.2,15.8,6.7,1,-6.9,464,39,-4.9,168,-0.6,4.5,9.2,13.7,17.9,125,20,80,21,80,49,139,16.9,11.9,Nielsen-Dranyon-Dra (s2168),yes,1628_out
FS-120E,Environmental,Soil,Burn_2015,2018-07-13,41.60692,-111.60789,1644,Zymo Soil Kit,Spencer McGee,Forest_Fire_Recovery_FS_120E,Forest_Fire_Recovery,Set_11,Burn,2015,2015,9,25,1628,in,41.606945,-111.607953,2015-09-25,165933,13.74596118927,30.7330360412598,3,25.74,0,0,674339,118,42,38,42,48,45,35,21,26,36,40,42,43,-6.9,-4.9,-0.6,4.5,9.2,13.7,17.9,16.9,11.9,6.3,-0.4,-5.9,-13.9,-12.2,-7.4,-2.8,0.8,4.2,7.3,6.4,1.7,-3.2,-7.5,-12.7,0.1,2.5,6.3,11.9,17.7,23.3,28.5,27.5,22.2,15.8,6.7,1,-6.9,464,39,-4.9,168,-0.6,4.5,9.2,13.7,17.9,125,20,80,21,80,49,139,16.9,11.9,Nielsen-Dranyon-Dra (s2168),yes,1628_in
FS-120W,Environmental,Soil,Burn_2015,2018-07-13,41.60692,-111.60789,1644,Zymo Soil Kit,Spencer McGee,Forest_Fire_Recovery_FS_120W,Forest_Fire_Recovery,Set_11,Burn,2015,2015,9,25,1628,in,41.606945,-111.607953,2015-09-25,165933,13.74596118927,30.7330360412598,3,25.74,0,0,674339,118,42,38,42,48,45,35,21,26,36,40,42,43,-6.9,-4.9,-0.6,4.5,9.2,13.7,17.9,16.9,11.9,6.3,-0.4,-5.9,-13.9,-12.2,-7.4,-2.8,0.8,4.2,7.3,6.4,1.7,-3.2,-7.5,-12.7,0.1,2.5,6.3,11.9,17.7,23.3,28.5,27.5,22.2,15.8,6.7,1,-6.9,464,39,-4.9,168,-0.6,4.5,9.2,13.7,17.9,125,20,80,21,80,49,139,16.9,11.9,Nielsen-Dranyon-Dra (s2168),yes,1628_in
FS-120N,Environmental,Soil,Burn_2015,2018-07-13,41.60692,-111.60789,1644,Zymo Soil Kit,Spencer McGee,Forest_Fire_Recovery_FS_120N,Forest_Fire_Recovery,Set_11,Burn,2015,2015,9,25,1628,in,41.606945,-111.607953,2015-09-25,165933,13.74596118927,30.7330360412598,3,25.74,0,0,674339,118,42,38,42,48,45,35,21,26,36,40,42,43,-6.9,-4.9,-0.6,4.5,9.2,13.7,17.9,16.9,11.9,6.3,-0.4,-5.9,-13.9,-12.2,-7.4,-2.8,0.8,4.2,7.3,6.4,1.7,-3.2,-7.5,-12.7,0.1,2.5,6.3,11.9,17.7,23.3,28.5,27.5,22.2,15.8,6.7,1,-6.9,464,39,-4.9,168,-0.6,4.5,9.2,13.7,17.9,125,20,80,21,80,49,139,16.9,11.9,Nielsen-Dranyon-Dra (s2168),yes,1628_in
